{
	"ambient-intensity" : 0.3,
	"directional-source" :
	{
		"position" : [-21.6634,2.97591,-16.768],
		"transformation" :
			[
				[0.731688,0.0,-0.681639,0.0],
				[0.0816005,0.992809,0.0875919,0.0],
				[0.676738,-0.119712,0.726426,0.0],
				[0.0,0.0,0.0,1.0]
			]
	}
}
